R2000070,POINT (8.915096877268812 50.266944978521664),0,0.0,0.0,0.0,0.0,0.0,0.0,0.0,0.0,0.0,0.0,0.0,0.0,F
R2000070,POINT (8.915096877268812 50.266944978521664),1,176.0,0.0,0.0,0.0,0.0,0.0,0.0,0.0,0.0,0.0,0.0,0.0,F
R2000070,POINT (8.915096877268812 50.266944978521664),2,0.0,0.0,0.0,0.0,0.0,0.0,0.0,0.0,0.0,0.0,0.0,0.0,F
R2000070,POINT (8.915096877268812 50.266944978521664),3,0.0,251.0,0.0,0.0,0.0,0.0,0.0,0.0,0.0,0.0,0.0,0.0,F
R2000070,POINT (8.915096877268812 50.266944978521664),4,0.0,0.0,0.0,0.0,0.0,0.0,0.0,0.0,0.0,0.0,0.0,0.0,F
R2000070,POINT (8.915096877268812 50.266944978521664),5,0.0,0.0,251.0,0.0,0.0,0.0,0.0,0.0,0.0,0.0,0.0,0.0,F
R2000070,POINT (8.915096877268812 50.266944978521664),6,0.0,0.0,0.0,0.0,0.0,0.0,0.0,0.0,0.0,0.0,0.0,0.0,F
R2000070,POINT (8.915096877268812 50.266944978521664),7,0.0,0.0,0.0,251.0,0.0,0.0,0.0,0.0,0.0,0.0,0.0,0.0,F
R2000070,POINT (8.915096877268812 50.266944978521664),8,0.0,0.0,0.0,0.0,0.0,0.0,0.0,0.0,0.0,0.0,0.0,0.0,F
R2000070,POINT (8.915096877268812 50.266944978521664),9,0.0,0.0,0.0,0.0,251.0,0.0,0.0,0.0,0.0,0.0,0.0,0.0,F
R2000070,POINT (8.915096877268812 50.266944978521664),10,0.0,0.0,0.0,0.0,0.0,0.0,0.0,0.0,0.0,0.0,0.0,0.0,F
R2000070,POINT (8.915096877268812 50.266944978521664),11,0.0,0.0,0.0,0.0,0.0,251.0,0.0,0.0,0.0,0.0,0.0,0.0,F
R2000070,POINT (8.915096877268812 50.266944978521664),12,0.0,0.0,0.0,0.0,0.0,0.0,0.0,0.0,0.0,0.0,0.0,0.0,F
R2000070,POINT (8.915096877268812 50.266944978521664),13,0.0,0.0,0.0,0.0,0.0,0.0,251.0,0.0,0.0,0.0,0.0,0.0,F
R2000070,POINT (8.915096877268812 50.266944978521664),14,0.0,0.0,0.0,0.0,0.0,0.0,0.0,0.0,0.0,0.0,0.0,0.0,F
R2000070,POINT (8.915096877268812 50.266944978521664),15,0.0,0.0,0.0,0.0,0.0,0.0,0.0,251.0,0.0,0.0,0.0,0.0,F
R2000070,POINT (8.915096877268812 50.266944978521664),16,0.0,0.0,0.0,0.0,0.0,0.0,0.0,0.0,0.0,0.0,0.0,0.0,F
R2000070,POINT (8.915096877268812 50.266944978521664),17,0.0,0.0,0.0,0.0,0.0,0.0,0.0,0.0,0.0,0.0,0.0,0.0,F
R2000070,POINT (8.915096877268812 50.266944978521664),18,0.0,0.0,0.0,0.0,0.0,0.0,0.0,0.0,0.0,0.0,0.0,0.0,F
R2000070,POINT (8.915096877268812 50.266944978521664),19,0.0,0.0,0.0,0.0,0.0,0.0,0.0,0.0,251.0,0.0,0.0,0.0,F
R2000070,POINT (8.915096877268812 50.266944978521664),20,0.0,0.0,0.0,0.0,0.0,0.0,0.0,0.0,0.0,0.0,0.0,0.0,F
R2000070,POINT (8.915096877268812 50.266944978521664),21,0.0,0.0,0.0,0.0,0.0,0.0,0.0,0.0,0.0,0.0,0.0,0.0,F
R2000070,POINT (8.915096877268812 50.266944978521664),22,0.0,0.0,0.0,0.0,0.0,0.0,0.0,0.0,0.0,0.0,0.0,0.0,F
R2000070,POINT (8.915096877268812 50.266944978521664),23,0.0,0.0,0.0,0.0,0.0,0.0,0.0,0.0,0.0,251.0,0.0,0.0,F
R2000070,POINT (8.915096877268812 50.266944978521664),24,0.0,0.0,0.0,0.0,0.0,0.0,0.0,0.0,0.0,0.0,0.0,0.0,F
R2000070,POINT (8.915096877268812 50.266944978521664),25,0.0,0.0,0.0,0.0,0.0,0.0,0.0,0.0,0.0,0.0,0.0,0.0,F
R2000070,POINT (8.915096877268812 50.266944978521664),26,0.0,0.0,0.0,0.0,0.0,0.0,0.0,0.0,0.0,0.0,251.0,0.0,F
R2000070,POINT (8.915096877268812 50.266944978521664),27,0.0,0.0,0.0,0.0,0.0,0.0,0.0,0.0,0.0,0.0,0.0,0.0,F
R2000070,POINT (8.915096877268812 50.266944978521664),28,0.0,0.0,0.0,0.0,0.0,0.0,0.0,0.0,0.0,0.0,0.0,251.0,F
R2000070,POINT (8.915096877268812 50.266944978521664),29,0.0,0.0,0.0,0.0,0.0,0.0,0.0,0.0,0.0,0.0,0.0,251.0,F
R2000070,POINT (8.915096877268812 50.266944978521664),1260000,0.0,0.0,0.0,0.0,0.0,0.0,0.0,0.0,0.0,0.0,0.0,0.0,F
R2000070,POINT (8.915096877268812 50.266944978521664),1260001,176.0,0.0,0.0,0.0,0.0,0.0,0.0,0.0,0.0,0.0,0.0,0.0,F
R2000070,POINT (8.915096877268812 50.266944978521664),1260002,0.0,0.0,0.0,0.0,0.0,0.0,0.0,0.0,0.0,0.0,0.0,0.0,F
R2000070,POINT (8.915096877268812 50.266944978521664),1260003,0.0,251.0,0.0,0.0,0.0,0.0,0.0,0.0,0.0,0.0,0.0,0.0,F
R2000070,POINT (8.915096877268812 50.266944978521664),1260004,0.0,0.0,0.0,0.0,0.0,0.0,0.0,0.0,0.0,0.0,0.0,0.0,F
R2000070,POINT (8.915096877268812 50.266944978521664),1260005,0.0,0.0,251.0,0.0,0.0,0.0,0.0,0.0,0.0,0.0,0.0,0.0,F
R2000070,POINT (8.915096877268812 50.266944978521664),1260006,0.0,0.0,0.0,0.0,0.0,0.0,0.0,0.0,0.0,0.0,0.0,0.0,F
R2000070,POINT (8.915096877268812 50.266944978521664),1260007,0.0,0.0,0.0,251.0,0.0,0.0,0.0,0.0,0.0,0.0,0.0,0.0,F
R2000070,POINT (8.915096877268812 50.266944978521664),1260008,0.0,0.0,0.0,0.0,0.0,0.0,0.0,0.0,0.0,0.0,0.0,0.0,F
R2000070,POINT (8.915096877268812 50.266944978521664),1260009,0.0,0.0,0.0,0.0,251.0,0.0,0.0,0.0,0.0,0.0,0.0,0.0,F
R2000070,POINT (8.915096877268812 50.266944978521664),1260010,0.0,0.0,0.0,0.0,0.0,0.0,0.0,0.0,0.0,0.0,0.0,0.0,F
R2000070,POINT (8.915096877268812 50.266944978521664),1260011,0.0,0.0,0.0,0.0,0.0,251.0,0.0,0.0,0.0,0.0,0.0,0.0,F
R2000070,POINT (8.915096877268812 50.266944978521664),1260012,0.0,0.0,0.0,0.0,0.0,0.0,0.0,0.0,0.0,0.0,0.0,0.0,F
R2000070,POINT (8.915096877268812 50.266944978521664),1260013,0.0,0.0,0.0,0.0,0.0,0.0,251.0,0.0,0.0,0.0,0.0,0.0,F
R2000070,POINT (8.915096877268812 50.266944978521664),1260014,0.0,0.0,0.0,0.0,0.0,0.0,0.0,0.0,0.0,0.0,0.0,0.0,F
R2000070,POINT (8.915096877268812 50.266944978521664),1260015,0.0,0.0,0.0,0.0,0.0,0.0,0.0,251.0,0.0,0.0,0.0,0.0,F
R2000070,POINT (8.915096877268812 50.266944978521664),1260016,0.0,0.0,0.0,0.0,0.0,0.0,0.0,0.0,0.0,0.0,0.0,0.0,F
R2000070,POINT (8.915096877268812 50.266944978521664),1260017,0.0,0.0,0.0,0.0,0.0,0.0,0.0,0.0,0.0,0.0,0.0,0.0,F
R2000070,POINT (8.915096877268812 50.266944978521664),1260018,0.0,0.0,0.0,0.0,0.0,0.0,0.0,0.0,0.0,0.0,0.0,0.0,F
R2000070,POINT (8.915096877268812 50.266944978521664),1260019,0.0,0.0,0.0,0.0,0.0,0.0,0.0,0.0,251.0,0.0,0.0,0.0,F
R2000070,POINT (8.915096877268812 50.266944978521664),1260020,0.0,0.0,0.0,0.0,0.0,0.0,0.0,0.0,0.0,0.0,0.0,0.0,F
R2000070,POINT (8.915096877268812 50.266944978521664),1260021,0.0,0.0,0.0,0.0,0.0,0.0,0.0,0.0,0.0,0.0,0.0,0.0,F
R2000070,POINT (8.915096877268812 50.266944978521664),1260022,0.0,0.0,0.0,0.0,0.0,0.0,0.0,0.0,0.0,0.0,0.0,0.0,F
R2000070,POINT (8.915096877268812 50.266944978521664),1260023,0.0,0.0,0.0,0.0,0.0,0.0,0.0,0.0,0.0,251.0,0.0,0.0,F
R2000070,POINT (8.915096877268812 50.266944978521664),1260024,0.0,0.0,0.0,0.0,0.0,0.0,0.0,0.0,0.0,0.0,0.0,0.0,F
R2000070,POINT (8.915096877268812 50.266944978521664),1260025,0.0,0.0,0.0,0.0,0.0,0.0,0.0,0.0,0.0,0.0,0.0,0.0,F
R2000070,POINT (8.915096877268812 50.266944978521664),1260026,0.0,0.0,0.0,0.0,0.0,0.0,0.0,0.0,0.0,0.0,251.0,0.0,F
R2000070,POINT (8.915096877268812 50.266944978521664),1260027,0.0,0.0,0.0,0.0,0.0,0.0,0.0,0.0,0.0,0.0,0.0,0.0,F
R2000070,POINT (8.915096877268812 50.266944978521664),1260028,0.0,0.0,0.0,0.0,0.0,0.0,0.0,0.0,0.0,0.0,0.0,251.0,F
R2000070,POINT (8.915096877268812 50.266944978521664),1260029,0.0,0.0,0.0,0.0,0.0,0.0,0.0,0.0,0.0,0.0,0.0,251.0,F
R2000070,POINT (8.915096877268812 50.266944978521664),2520000,0.0,0.0,0.0,0.0,0.0,0.0,0.0,0.0,0.0,0.0,0.0,0.0,F
R2000070,POINT (8.915096877268812 50.266944978521664),2520001,176.0,0.0,0.0,0.0,0.0,0.0,0.0,0.0,0.0,0.0,0.0,0.0,F
R2000070,POINT (8.915096877268812 50.266944978521664),2520002,0.0,0.0,0.0,0.0,0.0,0.0,0.0,0.0,0.0,0.0,0.0,0.0,F
R2000070,POINT (8.915096877268812 50.266944978521664),2520003,0.0,251.0,0.0,0.0,0.0,0.0,0.0,0.0,0.0,0.0,0.0,0.0,F
R2000070,POINT (8.915096877268812 50.266944978521664),2520004,0.0,0.0,0.0,0.0,0.0,0.0,0.0,0.0,0.0,0.0,0.0,0.0,F
R2000070,POINT (8.915096877268812 50.266944978521664),2520005,0.0,0.0,251.0,0.0,0.0,0.0,0.0,0.0,0.0,0.0,0.0,0.0,F
R2000070,POINT (8.915096877268812 50.266944978521664),2520006,0.0,0.0,0.0,0.0,0.0,0.0,0.0,0.0,0.0,0.0,0.0,0.0,F
R2000070,POINT (8.915096877268812 50.266944978521664),2520007,0.0,0.0,0.0,251.0,0.0,0.0,0.0,0.0,0.0,0.0,0.0,0.0,F
R2000070,POINT (8.915096877268812 50.266944978521664),2520008,0.0,0.0,0.0,0.0,0.0,0.0,0.0,0.0,0.0,0.0,0.0,0.0,F
R2000070,POINT (8.915096877268812 50.266944978521664),2520009,0.0,0.0,0.0,0.0,251.0,0.0,0.0,0.0,0.0,0.0,0.0,0.0,F
R2000070,POINT (8.915096877268812 50.266944978521664),2520010,0.0,0.0,0.0,0.0,0.0,0.0,0.0,0.0,0.0,0.0,0.0,0.0,F
R2000070,POINT (8.915096877268812 50.266944978521664),2520011,0.0,0.0,0.0,0.0,0.0,251.0,0.0,0.0,0.0,0.0,0.0,0.0,F
R2000070,POINT (8.915096877268812 50.266944978521664),2520012,0.0,0.0,0.0,0.0,0.0,0.0,0.0,0.0,0.0,0.0,0.0,0.0,F
R2000070,POINT (8.915096877268812 50.266944978521664),2520013,0.0,0.0,0.0,0.0,0.0,0.0,251.0,0.0,0.0,0.0,0.0,0.0,F
R2000070,POINT (8.915096877268812 50.266944978521664),2520014,0.0,0.0,0.0,0.0,0.0,0.0,0.0,0.0,0.0,0.0,0.0,0.0,F
R2000070,POINT (8.915096877268812 50.266944978521664),2520015,0.0,0.0,0.0,0.0,0.0,0.0,0.0,251.0,0.0,0.0,0.0,0.0,F
R2000070,POINT (8.915096877268812 50.266944978521664),2520016,0.0,0.0,0.0,0.0,0.0,0.0,0.0,0.0,0.0,0.0,0.0,0.0,F
R2000070,POINT (8.915096877268812 50.266944978521664),2520017,0.0,0.0,0.0,0.0,0.0,0.0,0.0,0.0,0.0,0.0,0.0,0.0,F
R2000070,POINT (8.915096877268812 50.266944978521664),2520018,0.0,0.0,0.0,0.0,0.0,0.0,0.0,0.0,0.0,0.0,0.0,0.0,F
R2000070,POINT (8.915096877268812 50.266944978521664),2520019,0.0,0.0,0.0,0.0,0.0,0.0,0.0,0.0,251.0,0.0,0.0,0.0,F
R2000070,POINT (8.915096877268812 50.266944978521664),2520020,0.0,0.0,0.0,0.0,0.0,0.0,0.0,0.0,0.0,0.0,0.0,0.0,F
R2000070,POINT (8.915096877268812 50.266944978521664),2520021,0.0,0.0,0.0,0.0,0.0,0.0,0.0,0.0,0.0,0.0,0.0,0.0,F
R2000070,POINT (8.915096877268812 50.266944978521664),2520022,0.0,0.0,0.0,0.0,0.0,0.0,0.0,0.0,0.0,0.0,0.0,0.0,F
R2000070,POINT (8.915096877268812 50.266944978521664),2520023,0.0,0.0,0.0,0.0,0.0,0.0,0.0,0.0,0.0,251.0,0.0,0.0,F
R2000070,POINT (8.915096877268812 50.266944978521664),2520024,0.0,0.0,0.0,0.0,0.0,0.0,0.0,0.0,0.0,0.0,0.0,0.0,F
R2000070,POINT (8.915096877268812 50.266944978521664),2520025,0.0,0.0,0.0,0.0,0.0,0.0,0.0,0.0,0.0,0.0,0.0,0.0,F
R2000070,POINT (8.915096877268812 50.266944978521664),2520026,0.0,0.0,0.0,0.0,0.0,0.0,0.0,0.0,0.0,0.0,251.0,0.0,F
R2000070,POINT (8.915096877268812 50.266944978521664),2520027,0.0,0.0,0.0,0.0,0.0,0.0,0.0,0.0,0.0,0.0,0.0,0.0,F
R2000070,POINT (8.915096877268812 50.266944978521664),2520028,0.0,0.0,0.0,0.0,0.0,0.0,0.0,0.0,0.0,0.0,0.0,251.0,F
R2000070,POINT (8.915096877268812 50.266944978521664),2520029,0.0,0.0,0.0,0.0,0.0,0.0,0.0,0.0,0.0,0.0,0.0,251.0,F
R2000070,POINT (8.915096877268812 50.266944978521664),3780000,0.0,0.0,0.0,0.0,0.0,0.0,0.0,0.0,0.0,0.0,0.0,0.0,F
R2000070,POINT (8.915096877268812 50.266944978521664),3780001,176.0,0.0,0.0,0.0,0.0,0.0,0.0,0.0,0.0,0.0,0.0,0.0,F
R2000070,POINT (8.915096877268812 50.266944978521664),3780002,0.0,0.0,0.0,0.0,0.0,0.0,0.0,0.0,0.0,0.0,0.0,0.0,F
R2000070,POINT (8.915096877268812 50.266944978521664),3780003,0.0,251.0,0.0,0.0,0.0,0.0,0.0,0.0,0.0,0.0,0.0,0.0,F
R2000070,POINT (8.915096877268812 50.266944978521664),3780004,0.0,0.0,0.0,0.0,0.0,0.0,0.0,0.0,0.0,0.0,0.0,0.0,F
R2000070,POINT (8.915096877268812 50.266944978521664),3780005,0.0,0.0,251.0,0.0,0.0,0.0,0.0,0.0,0.0,0.0,0.0,0.0,F
R2000070,POINT (8.915096877268812 50.266944978521664),3780006,0.0,0.0,0.0,0.0,0.0,0.0,0.0,0.0,0.0,0.0,0.0,0.0,F
R2000070,POINT (8.915096877268812 50.266944978521664),3780007,0.0,0.0,0.0,251.0,0.0,0.0,0.0,0.0,0.0,0.0,0.0,0.0,F
R2000070,POINT (8.915096877268812 50.266944978521664),3780008,0.0,0.0,0.0,0.0,0.0,0.0,0.0,0.0,0.0,0.0,0.0,0.0,F
R2000070,POINT (8.915096877268812 50.266944978521664),3780009,0.0,0.0,0.0,0.0,251.0,0.0,0.0,0.0,0.0,0.0,0.0,0.0,F
R2000070,POINT (8.915096877268812 50.266944978521664),3780010,0.0,0.0,0.0,0.0,0.0,0.0,0.0,0.0,0.0,0.0,0.0,0.0,F
R2000070,POINT (8.915096877268812 50.266944978521664),3780011,0.0,0.0,0.0,0.0,0.0,251.0,0.0,0.0,0.0,0.0,0.0,0.0,F
R2000070,POINT (8.915096877268812 50.266944978521664),3780012,0.0,0.0,0.0,0.0,0.0,0.0,0.0,0.0,0.0,0.0,0.0,0.0,F
R2000070,POINT (8.915096877268812 50.266944978521664),3780013,0.0,0.0,0.0,0.0,0.0,0.0,251.0,0.0,0.0,0.0,0.0,0.0,F
R2000070,POINT (8.915096877268812 50.266944978521664),3780014,0.0,0.0,0.0,0.0,0.0,0.0,0.0,0.0,0.0,0.0,0.0,0.0,F
R2000070,POINT (8.915096877268812 50.266944978521664),3780015,0.0,0.0,0.0,0.0,0.0,0.0,0.0,251.0,0.0,0.0,0.0,0.0,F
R2000070,POINT (8.915096877268812 50.266944978521664),3780016,0.0,0.0,0.0,0.0,0.0,0.0,0.0,0.0,0.0,0.0,0.0,0.0,F
R2000070,POINT (8.915096877268812 50.266944978521664),3780017,0.0,0.0,0.0,0.0,0.0,0.0,0.0,0.0,0.0,0.0,0.0,0.0,F
R2000070,POINT (8.915096877268812 50.266944978521664),3780018,0.0,0.0,0.0,0.0,0.0,0.0,0.0,0.0,0.0,0.0,0.0,0.0,F
R2000070,POINT (8.915096877268812 50.266944978521664),3780019,0.0,0.0,0.0,0.0,0.0,0.0,0.0,0.0,251.0,0.0,0.0,0.0,F
R2000070,POINT (8.915096877268812 50.266944978521664),3780020,0.0,0.0,0.0,0.0,0.0,0.0,0.0,0.0,0.0,0.0,0.0,0.0,F
R2000070,POINT (8.915096877268812 50.266944978521664),3780021,0.0,0.0,0.0,0.0,0.0,0.0,0.0,0.0,0.0,0.0,0.0,0.0,F
R2000070,POINT (8.915096877268812 50.266944978521664),3780022,0.0,0.0,0.0,0.0,0.0,0.0,0.0,0.0,0.0,0.0,0.0,0.0,F
R2000070,POINT (8.915096877268812 50.266944978521664),3780023,0.0,0.0,0.0,0.0,0.0,0.0,0.0,0.0,0.0,251.0,0.0,0.0,F
R2000070,POINT (8.915096877268812 50.266944978521664),3780024,0.0,0.0,0.0,0.0,0.0,0.0,0.0,0.0,0.0,0.0,0.0,0.0,F
R2000070,POINT (8.915096877268812 50.266944978521664),3780025,0.0,0.0,0.0,0.0,0.0,0.0,0.0,0.0,0.0,0.0,0.0,0.0,F
R2000070,POINT (8.915096877268812 50.266944978521664),3780026,0.0,0.0,0.0,0.0,0.0,0.0,0.0,0.0,0.0,0.0,251.0,0.0,F
R2000070,POINT (8.915096877268812 50.266944978521664),3780027,0.0,0.0,0.0,0.0,0.0,0.0,0.0,0.0,0.0,0.0,0.0,0.0,F
R2000070,POINT (8.915096877268812 50.266944978521664),3780028,0.0,0.0,0.0,0.0,0.0,0.0,0.0,0.0,0.0,0.0,0.0,251.0,F
R2000070,POINT (8.915096877268812 50.266944978521664),3780029,0.0,0.0,0.0,0.0,0.0,0.0,0.0,0.0,0.0,0.0,0.0,251.0,F
R2000070,POINT (8.915096877268812 50.266944978521664),5040000,0.0,0.0,0.0,0.0,0.0,0.0,0.0,0.0,0.0,0.0,0.0,0.0,F
R2000070,POINT (8.915096877268812 50.266944978521664),5040001,176.0,0.0,0.0,0.0,0.0,0.0,0.0,0.0,0.0,0.0,0.0,0.0,F
R2000070,POINT (8.915096877268812 50.266944978521664),5040002,0.0,0.0,0.0,0.0,0.0,0.0,0.0,0.0,0.0,0.0,0.0,0.0,F
R2000070,POINT (8.915096877268812 50.266944978521664),5040003,0.0,251.0,0.0,0.0,0.0,0.0,0.0,0.0,0.0,0.0,0.0,0.0,F
R2000070,POINT (8.915096877268812 50.266944978521664),5040004,0.0,0.0,0.0,0.0,0.0,0.0,0.0,0.0,0.0,0.0,0.0,0.0,F
R2000070,POINT (8.915096877268812 50.266944978521664),5040005,0.0,0.0,251.0,0.0,0.0,0.0,0.0,0.0,0.0,0.0,0.0,0.0,F
R2000070,POINT (8.915096877268812 50.266944978521664),5040006,0.0,0.0,0.0,0.0,0.0,0.0,0.0,0.0,0.0,0.0,0.0,0.0,F
R2000070,POINT (8.915096877268812 50.266944978521664),5040007,0.0,0.0,0.0,251.0,0.0,0.0,0.0,0.0,0.0,0.0,0.0,0.0,F
R2000070,POINT (8.915096877268812 50.266944978521664),5040008,0.0,0.0,0.0,0.0,0.0,0.0,0.0,0.0,0.0,0.0,0.0,0.0,F
R2000070,POINT (8.915096877268812 50.266944978521664),5040009,0.0,0.0,0.0,0.0,251.0,0.0,0.0,0.0,0.0,0.0,0.0,0.0,F
R2000070,POINT (8.915096877268812 50.266944978521664),5040010,0.0,0.0,0.0,0.0,0.0,0.0,0.0,0.0,0.0,0.0,0.0,0.0,F
R2000070,POINT (8.915096877268812 50.266944978521664),5040011,0.0,0.0,0.0,0.0,0.0,251.0,0.0,0.0,0.0,0.0,0.0,0.0,F
R2000070,POINT (8.915096877268812 50.266944978521664),5040012,0.0,0.0,0.0,0.0,0.0,0.0,0.0,0.0,0.0,0.0,0.0,0.0,F
R2000070,POINT (8.915096877268812 50.266944978521664),5040013,0.0,0.0,0.0,0.0,0.0,0.0,251.0,0.0,0.0,0.0,0.0,0.0,F
R2000070,POINT (8.915096877268812 50.266944978521664),5040014,0.0,0.0,0.0,0.0,0.0,0.0,0.0,0.0,0.0,0.0,0.0,0.0,F
R2000070,POINT (8.915096877268812 50.266944978521664),5040015,0.0,0.0,0.0,0.0,0.0,0.0,0.0,251.0,0.0,0.0,0.0,0.0,F
R2000070,POINT (8.915096877268812 50.266944978521664),5040016,0.0,0.0,0.0,0.0,0.0,0.0,0.0,0.0,0.0,0.0,0.0,0.0,F
R2000070,POINT (8.915096877268812 50.266944978521664),5040017,0.0,0.0,0.0,0.0,0.0,0.0,0.0,0.0,0.0,0.0,0.0,0.0,F
R2000070,POINT (8.915096877268812 50.266944978521664),5040018,0.0,0.0,0.0,0.0,0.0,0.0,0.0,0.0,0.0,0.0,0.0,0.0,F
R2000070,POINT (8.915096877268812 50.266944978521664),5040019,0.0,0.0,0.0,0.0,0.0,0.0,0.0,0.0,251.0,0.0,0.0,0.0,F
R2000070,POINT (8.915096877268812 50.266944978521664),5040020,0.0,0.0,0.0,0.0,0.0,0.0,0.0,0.0,0.0,0.0,0.0,0.0,F
R2000070,POINT (8.915096877268812 50.266944978521664),5040021,0.0,0.0,0.0,0.0,0.0,0.0,0.0,0.0,0.0,0.0,0.0,0.0,F
R2000070,POINT (8.915096877268812 50.266944978521664),5040022,0.0,0.0,0.0,0.0,0.0,0.0,0.0,0.0,0.0,0.0,0.0,0.0,F
R2000070,POINT (8.915096877268812 50.266944978521664),5040023,0.0,0.0,0.0,0.0,0.0,0.0,0.0,0.0,0.0,251.0,0.0,0.0,F
R2000070,POINT (8.915096877268812 50.266944978521664),5040024,0.0,0.0,0.0,0.0,0.0,0.0,0.0,0.0,0.0,0.0,0.0,0.0,F
R2000070,POINT (8.915096877268812 50.266944978521664),5040025,0.0,0.0,0.0,0.0,0.0,0.0,0.0,0.0,0.0,0.0,0.0,0.0,F
R2000070,POINT (8.915096877268812 50.266944978521664),5040026,0.0,0.0,0.0,0.0,0.0,0.0,0.0,0.0,0.0,0.0,251.0,0.0,F
R2000070,POINT (8.915096877268812 50.266944978521664),5040027,0.0,0.0,0.0,0.0,0.0,0.0,0.0,0.0,0.0,0.0,0.0,0.0,F
R2000070,POINT (8.915096877268812 50.266944978521664),5040028,0.0,0.0,0.0,0.0,0.0,0.0,0.0,0.0,0.0,0.0,0.0,251.0,F
R2000070,POINT (8.915096877268812 50.266944978521664),5040029,0.0,0.0,0.0,0.0,0.0,0.0,0.0,0.0,0.0,0.0,0.0,251.0,F
R2000070,POINT (8.915096877268812 50.266944978521664),6300000,0.0,0.0,0.0,0.0,0.0,0.0,0.0,0.0,0.0,0.0,0.0,0.0,F
R2000070,POINT (8.915096877268812 50.266944978521664),6300001,176.0,0.0,0.0,0.0,0.0,0.0,0.0,0.0,0.0,0.0,0.0,0.0,F
R2000070,POINT (8.915096877268812 50.266944978521664),6300002,0.0,0.0,0.0,0.0,0.0,0.0,0.0,0.0,0.0,0.0,0.0,0.0,F
R2000070,POINT (8.915096877268812 50.266944978521664),6300003,0.0,251.0,0.0,0.0,0.0,0.0,0.0,0.0,0.0,0.0,0.0,0.0,F
R2000070,POINT (8.915096877268812 50.266944978521664),6300004,0.0,0.0,0.0,0.0,0.0,0.0,0.0,0.0,0.0,0.0,0.0,0.0,F
R2000070,POINT (8.915096877268812 50.266944978521664),6300005,0.0,0.0,251.0,0.0,0.0,0.0,0.0,0.0,0.0,0.0,0.0,0.0,F
R2000070,POINT (8.915096877268812 50.266944978521664),6300006,0.0,0.0,0.0,0.0,0.0,0.0,0.0,0.0,0.0,0.0,0.0,0.0,F
R2000070,POINT (8.915096877268812 50.266944978521664),6300007,0.0,0.0,0.0,251.0,0.0,0.0,0.0,0.0,0.0,0.0,0.0,0.0,F
R2000070,POINT (8.915096877268812 50.266944978521664),6300008,0.0,0.0,0.0,0.0,0.0,0.0,0.0,0.0,0.0,0.0,0.0,0.0,F
R2000070,POINT (8.915096877268812 50.266944978521664),6300009,0.0,0.0,0.0,0.0,251.0,0.0,0.0,0.0,0.0,0.0,0.0,0.0,F
R2000070,POINT (8.915096877268812 50.266944978521664),6300010,0.0,0.0,0.0,0.0,0.0,0.0,0.0,0.0,0.0,0.0,0.0,0.0,F
R2000070,POINT (8.915096877268812 50.266944978521664),6300011,0.0,0.0,0.0,0.0,0.0,251.0,0.0,0.0,0.0,0.0,0.0,0.0,F
R2000070,POINT (8.915096877268812 50.266944978521664),6300012,0.0,0.0,0.0,0.0,0.0,0.0,0.0,0.0,0.0,0.0,0.0,0.0,F
R2000070,POINT (8.915096877268812 50.266944978521664),6300013,0.0,0.0,0.0,0.0,0.0,0.0,251.0,0.0,0.0,0.0,0.0,0.0,F
R2000070,POINT (8.915096877268812 50.266944978521664),6300014,0.0,0.0,0.0,0.0,0.0,0.0,0.0,0.0,0.0,0.0,0.0,0.0,F
R2000070,POINT (8.915096877268812 50.266944978521664),6300015,0.0,0.0,0.0,0.0,0.0,0.0,0.0,251.0,0.0,0.0,0.0,0.0,F
R2000070,POINT (8.915096877268812 50.266944978521664),6300016,0.0,0.0,0.0,0.0,0.0,0.0,0.0,0.0,0.0,0.0,0.0,0.0,F
R2000070,POINT (8.915096877268812 50.266944978521664),6300017,0.0,0.0,0.0,0.0,0.0,0.0,0.0,0.0,0.0,0.0,0.0,0.0,F
R2000070,POINT (8.915096877268812 50.266944978521664),6300018,0.0,0.0,0.0,0.0,0.0,0.0,0.0,0.0,0.0,0.0,0.0,0.0,F
R2000070,POINT (8.915096877268812 50.266944978521664),6300019,0.0,0.0,0.0,0.0,0.0,0.0,0.0,0.0,251.0,0.0,0.0,0.0,F
R2000070,POINT (8.915096877268812 50.266944978521664),6300020,0.0,0.0,0.0,0.0,0.0,0.0,0.0,0.0,0.0,0.0,0.0,0.0,F
R2000070,POINT (8.915096877268812 50.266944978521664),6300021,0.0,0.0,0.0,0.0,0.0,0.0,0.0,0.0,0.0,0.0,0.0,0.0,F
R2000070,POINT (8.915096877268812 50.266944978521664),6300022,0.0,0.0,0.0,0.0,0.0,0.0,0.0,0.0,0.0,0.0,0.0,0.0,F
R2000070,POINT (8.915096877268812 50.266944978521664),6300023,0.0,0.0,0.0,0.0,0.0,0.0,0.0,0.0,0.0,251.0,0.0,0.0,F
R2000070,POINT (8.915096877268812 50.266944978521664),6300024,0.0,0.0,0.0,0.0,0.0,0.0,0.0,0.0,0.0,0.0,0.0,0.0,F
R2000070,POINT (8.915096877268812 50.266944978521664),6300025,0.0,0.0,0.0,0.0,0.0,0.0,0.0,0.0,0.0,0.0,0.0,0.0,F
R2000070,POINT (8.915096877268812 50.266944978521664),6300026,0.0,0.0,0.0,0.0,0.0,0.0,0.0,0.0,0.0,0.0,251.0,0.0,F
R2000070,POINT (8.915096877268812 50.266944978521664),6300027,0.0,0.0,0.0,0.0,0.0,0.0,0.0,0.0,0.0,0.0,0.0,0.0,F
R2000070,POINT (8.915096877268812 50.266944978521664),6300028,0.0,0.0,0.0,0.0,0.0,0.0,0.0,0.0,0.0,0.0,0.0,251.0,F
R2000070,POINT (8.915096877268812 50.266944978521664),6300029,0.0,0.0,0.0,0.0,0.0,0.0,0.0,0.0,0.0,0.0,0.0,251.0,F
R2000070,POINT (8.915096877268812 50.266944978521664),7560000,0.0,0.0,0.0,0.0,0.0,0.0,0.0,0.0,0.0,0.0,0.0,0.0,F
R2000070,POINT (8.915096877268812 50.266944978521664),7560001,176.0,0.0,0.0,0.0,0.0,0.0,0.0,0.0,0.0,0.0,0.0,0.0,F
R2000070,POINT (8.915096877268812 50.266944978521664),7560002,0.0,0.0,0.0,0.0,0.0,0.0,0.0,0.0,0.0,0.0,0.0,0.0,F
R2000070,POINT (8.915096877268812 50.266944978521664),7560003,0.0,251.0,0.0,0.0,0.0,0.0,0.0,0.0,0.0,0.0,0.0,0.0,F
R2000070,POINT (8.915096877268812 50.266944978521664),7560004,0.0,0.0,0.0,0.0,0.0,0.0,0.0,0.0,0.0,0.0,0.0,0.0,F
R2000070,POINT (8.915096877268812 50.266944978521664),7560005,0.0,0.0,251.0,0.0,0.0,0.0,0.0,0.0,0.0,0.0,0.0,0.0,F
R2000070,POINT (8.915096877268812 50.266944978521664),7560006,0.0,0.0,0.0,0.0,0.0,0.0,0.0,0.0,0.0,0.0,0.0,0.0,F
R2000070,POINT (8.915096877268812 50.266944978521664),7560007,0.0,0.0,0.0,251.0,0.0,0.0,0.0,0.0,0.0,0.0,0.0,0.0,F
R2000070,POINT (8.915096877268812 50.266944978521664),7560008,0.0,0.0,0.0,0.0,0.0,0.0,0.0,0.0,0.0,0.0,0.0,0.0,F
R2000070,POINT (8.915096877268812 50.266944978521664),7560009,0.0,0.0,0.0,0.0,251.0,0.0,0.0,0.0,0.0,0.0,0.0,0.0,F
R2000070,POINT (8.915096877268812 50.266944978521664),7560010,0.0,0.0,0.0,0.0,0.0,0.0,0.0,0.0,0.0,0.0,0.0,0.0,F
R2000070,POINT (8.915096877268812 50.266944978521664),7560011,0.0,0.0,0.0,0.0,0.0,251.0,0.0,0.0,0.0,0.0,0.0,0.0,F
R2000070,POINT (8.915096877268812 50.266944978521664),7560012,0.0,0.0,0.0,0.0,0.0,0.0,0.0,0.0,0.0,0.0,0.0,0.0,F
R2000070,POINT (8.915096877268812 50.266944978521664),7560013,0.0,0.0,0.0,0.0,0.0,0.0,251.0,0.0,0.0,0.0,0.0,0.0,F
R2000070,POINT (8.915096877268812 50.266944978521664),7560014,0.0,0.0,0.0,0.0,0.0,0.0,0.0,0.0,0.0,0.0,0.0,0.0,F
R2000070,POINT (8.915096877268812 50.266944978521664),7560015,0.0,0.0,0.0,0.0,0.0,0.0,0.0,251.0,0.0,0.0,0.0,0.0,F
R2000070,POINT (8.915096877268812 50.266944978521664),7560016,0.0,0.0,0.0,0.0,0.0,0.0,0.0,0.0,0.0,0.0,0.0,0.0,F
R2000070,POINT (8.915096877268812 50.266944978521664),7560017,0.0,0.0,0.0,0.0,0.0,0.0,0.0,0.0,0.0,0.0,0.0,0.0,F
R2000070,POINT (8.915096877268812 50.266944978521664),7560018,0.0,0.0,0.0,0.0,0.0,0.0,0.0,0.0,0.0,0.0,0.0,0.0,F
R2000070,POINT (8.915096877268812 50.266944978521664),7560019,0.0,0.0,0.0,0.0,0.0,0.0,0.0,0.0,251.0,0.0,0.0,0.0,F
